frame;x1;y1;w;h
137;0.5078125;0.4125;0.08125;0.21388888888888888
