frame,x1,y1,w,h
71,0.696875,0.5763888888888888,0.0453125,0.14305555555555555
72,0.7046875,0.5736111111111111,0.04140625,0.1375
