frame;x1;y1;w;h
156;0.41328125;0.6652777777777777;0.01640625;0.058333333333333334
157;0.4125;0.6527777777777778;0.021875;0.05555555555555555
