frame,x1,y1,w,h
10,0.51328125,0.375,0.021875,0.09722222222222222
