frame;x1;y1;w;h
197;0.51484375;0.6236111111111111;0.015625;0.05277777777777778
