frame;x1;y1;w;h
22;0.464760638;0.437352246;0.018617021;0.036643026
24;0.456117021;0.443262411;0.018617021;0.039007092
25;0.450797872;0.447990544;0.01662234;0.041371158
28;0.432180851;0.462174941;0.024601064;0.054373522
29;0.428856383;0.464539007;0.021941489;0.053191489
31;0.417553191;0.483451537;0.021941489;0.047281324
38;0.386303191;0.548463357;0.021276596;0.039007092