frame,x1,y1,w,h
22.0,0.46476063829787234,0.4373522458628842,0.018617021276595744,0.03664302600472813
24.0,0.45611702127659576,0.4432624113475177,0.018617021276595744,0.03900709219858156
25.0,0.4507978723404255,0.44799054373522457,0.016622340425531915,0.041371158392434985
28.0,0.4321808510638298,0.46217494089834515,0.024601063829787235,0.054373522458628844
29.0,0.4288563829787234,0.4645390070921986,0.021941489361702128,0.05319148936170213
31.0,0.4175531914893617,0.483451536643026,0.021941489361702128,0.04728132387706856
38.0,0.3863031914893617,0.5484633569739953,0.02127659574468085,0.03900709219858156
